<application>
  <component name="CodotaSettings">
    <option name="methodCompletionsPercentageSet" value="true" />
    <option name="id" value="5c3f2349-dff2-41a5-a016-4a0d41709a06" />
    <option name="wasRunBefore" value="true" />
    <option name="firstRun" value="1691992423217" />
    <option name="generation" value="129" />
    <option name="updateGeneration" value="1" />
    <option name="isInJSBeta" value="YES" />
    <option name="isMethodCompletionsPercentageActive" value="true" />
    <option name="isMethodCompletionsPercentageSet" value="true" />
    <option name="testedFeatureFlags">
      <set>
        <option value="deep-completions" />
      </set>
    </option>
    <option name="lastTabnineRecommendationDisplayDate" value="1696230534588" />
  </component>
</application>