<application>
  <component name="FileTypeManager" version="18">
    <extensionMap>
      <mapping pattern="gradlew" type="AUTO_DETECTED" />
      <mapping pattern="标准写法" type="AUTO_DETECTED" />
      <mapping pattern="royDb" type="Android Room SQL" />
      <mapping ext="gradle.kts" type="Kotlin" />
      <mapping ext="main.kts" type="Kotlin" />
      <mapping pattern="a" type="PLAIN_TEXT" />
      <mapping pattern="混淆" type="PLAIN_TEXT" />
      <mapping pattern="test" type="PLAIN_TEXT" />
      <mapping pattern="sign" type="PLAIN_TEXT" />
      <mapping pattern="说明" type="PLAIN_TEXT" />
      <removed_mapping ext="apk" approved="true" type="ARCHIVE" />
      <removed_mapping ext="pro" approved="true" type="DeviceSpecFile" />
      <removed_mapping ext="psd" approved="true" type="Image" />
    </extensionMap>
  </component>
</application>