<application>
  <component name="GeneralSettings">
    <option name="processCloseConfirmation" value="DISCONNECT" />
    <option name="reopenLastProject" value="false" />
  </component>
  <component name="Registry">
    <entry key="ide.firstStartup" value="false" />
    <entry key="ide.editor.tabs.open.at.the.end" value="true" />
    <entry key="external.system.auto.import.disabled" value="true" />
    <entry key="ide.text.editor.with.preview.show.floating.toolbar" value="false" />
    <entry key="gradle.version.catalogs.dynamic.support" value="true" />
    <entry key="ide.instant.shutdown" value="false" />
  </component>
  <component name="StatusBar">
    <option name="widgets">
      <map>
        <entry key="Memory" value="true" />
      </map>
    </option>
  </component>
</application>