<application>
  <component name="AppStorage">
    <histories>
      <item value="FLAG KEEP SCREEN ON" />
      <item value="delete Multiple Object" />
      <item value="* Asynchronously cancel the multipart upload. * This API is to abort the multipart upload with specified upload Id. * When the multipart upload is aborted, the upload Id is invalid anymore and all parts data will * be deleted." />
      <item value="android.view.WindowLeaked: Activity com.soudian.business_background_zh.ui.webview.X5WebViewActivity has leaked window DecorView@f4ec69b[X5WebViewActivity] that was originally added here at android.view.ViewRootImpl.&lt;init&gt;(ViewRootImpl.java:670)" />
      <item value=": Activity com.soudian.business_background_zh.ui.webview.X5WebViewActivity has leaked window DecorView@f4ec69b[X5WebViewActivity] that was originally added here" />
      <item value="DECLARED" />
      <item value="constraint Types" />
      <item value="Fee" />
      <item value="Caused by: java.lang.IllegalStateException: compileSdkVersion is not specified." />
      <item value="set Padding Relative" />
      <item value="the side of the widget to constrain" />
      <item value="the ID of the widget to be constrained" />
      <item value="is Focused" />
      <item value="is Activated" />
      <item value="All children of ConstraintLayout must have ids to use ConstraintSet" />
      <item value="is Subtype" />
      <item value="Father" />
      <item value="A failure occurred while executing org.jetbrains.kotlin.gradle.internal.KaptWithoutKotlincTask$KaptExecutionWorkAction" />
      <item value="The MIME type for this table." />
      <item value="he MIME type for this table." />
      <item value="internal storage." />
      <item value="external storage" />
      <item value="/// The MethodChannel that will the communication between Flutter and native Android /// /// This local reference serves to register the plugin with the Flutter Engine and unregister it /// when the Flutter Engine is detached from the Activity" />
      <item value="when the Flutter Engine is detached from the Activity" />
      <item value="generate an additional APK that contains all the ABIs" />
      <item value="Conflicting configuration : 'armeabi-v7a,arm64-v8a' in ndk abiFilters cannot be present when splits abi filters are set : arm64-v8a" />
      <item value="Supply the construction arguments for this fragment. * The arguments supplied here will be retained across fragment destroy and * creation. * &lt;p&gt;This method cannot be called if the fragment is added to a FragmentManager and * if {@link #isStateSaved()} would return true.&lt;/p&gt;" />
      <item value="Failed to delete some children. This might happen because a process has files open or has its working directory set in the target directory." />
      <item value="More than one file was found with OS independent path 'META-INF/INDEX.LIST'" />
      <item value="tov Daily Cap" />
      <item value="every hour" />
      <item value="fee duration" />
      <item value="capped price" />
      <item value="single price" />
      <item value="tov Free Time Single Order" />
      <item value="Download Provider" />
      <item value="Daemon Service" />
      <item value="Manifest merger failed : Attribute service#cn.jpush.android.service.DaemonService@enabled value=(false) from AndroidManifest.xml:94:13-36 is also present at [cn.jiguang.sdk:jpush:3.6.0] AndroidManifest.xml:89:13-35 value=(true). Suggestion: add 'tools:replace=&quot;android:enabled&quot;' to &lt;service&gt; element at AndroidManifest.xml:92:9-96:19 to override." />
      <item value="pile common strategy list" />
      <item value="charging cainetb" />
      <item value="charging c" />
      <item value="cabinet" />
      <item value="charging" />
      <item value="cabinet billing" />
      <item value="validity period" />
      <item value="is Burying Point" />
      <item value="is Pile Strategy Gray" />
      <item value="page pry trea" />
      <item value="Treasure" />
      <item value="Pry" />
    </histories>
    <option name="languageScores">
      <map>
        <entry key="CHINESE" value="677" />
        <entry key="ENGLISH" value="678" />
        <entry key="CHINESE_TRADITIONAL" value="12" />
        <entry key="HAITIAN_CREOLE" value="1" />
        <entry key="CATALAN" value="1" />
        <entry key="ROMANIAN" value="1" />
        <entry key="SLOVENIAN" value="1" />
        <entry key="UKRAINIAN" value="1" />
        <entry key="SPANISH" value="1" />
        <entry key="GREEK" value="1" />
      </map>
    </option>
  </component>
  <component name="Translation.Cache">
    <option name="lastTrimTime" value="1695802233656" />
  </component>
  <component name="Translation.Settings">
    <option name="primaryLanguage" value="CHINESE" />
  </component>
  <component name="Translation.States">
    <option name="newTranslationDialogHeight" value="256" />
    <option name="newTranslationDialogWidth" value="424" />
    <option name="newTranslationDialogX" value="525" />
    <option name="newTranslationDialogY" value="205" />
    <histories>
      <item value="screen Off Timer Start" />
      <item value="open Chapter List" />
      <item value="with Function" />
      <item value="The currently selected value for a group of radio buttons." />
      <item value="Guarded By" />
      <item value="his is the root view of the overall window that currently has input method focus." />
      <item value="Module with the Main dispatcher had failed to initialize. For tests Dispatchers.setMain from kotlinx-coroutines-test module can be used" />
      <item value="Leaves the decision of how to launch the URL to the platform" />
      <item value="category Name" />
      <item value="enable Pull Down" />
      <item value="pop And Push Named" />
      <item value="输入单号" />
      <item value="If `multiLine` is enabled, then `^` and `` will match the beginning and end of a _line_, in addition to matching beginning and end of input, respectively." />
      <item value="Notice the use of a _raw string_ in the first example, and a regular string in the second. Because of the many escapes, like `\d`, used in regular expressions, it is common to use a raw string here, unless string interpolation is required." />
      <item value="dot All" />
      <item value="multi Line" />
      <item value="unicode" />
      <item value="case Sensitive" />
      <item value="Waiting for a connection from Flutter on PBEM00..." />
      <item value="寄出权限" />
      <item value="寄出" />
      <item value="需要变灰文案" />
      <item value="需要 " />
      <item value="是否可用" />
      <item value="是否 " />
      <item value="是否空" />
      <item value="Associated" />
      <item value="Document" />
      <item value="Receipt Associated" />
      <item value="Link" />
      <item value="Stock" />
      <item value="set Stock Link Dict" />
      <item value="触发删除通知" />
      <item value="触发" />
      <item value="退货检测" />
      <item value="下单" />
      <item value="ware House Name" />
      <item value="ware House Code" />
      <item value="device Belong Errors" />
      <item value="已存在" />
      <item value="不能" />
      <item value="material Mismatch Errors" />
      <item value="invalid Out Number" />
      <item value="处理结果" />
      <item value="校验处理" />
      <item value="校验后" />
      <item value="校验 " />
      <item value="汇聚" />
      <item value="receive List" />
      <item value="收件人信息" />
    </histories>
    <option name="languageScores">
      <map>
        <entry key="CHINESE" value="439" />
        <entry key="ENGLISH" value="440" />
      </map>
    </option>
  </component>
</application>