<toolSet name="External Tools">
  <tool name="show byte code" showInMainMenu="false" showInEditor="false" showInProject="false" showInSearchPopup="false" disabled="false" useConsole="true" showConsoleOnStdOut="false" showConsoleOnStdErr="false" synchronizeAfterRun="true">
    <exec>
      <option name="COMMAND" value="C:\Program Files\Java\jdk1.8.0_271\bin\javap.exe" />
      <option name="PARAMETERS" value="-c $FileClass$" />
      <option name="WORKING_DIRECTORY" value="$OutputPath$" />
    </exec>
  </tool>
  <tool name="ndk-build" description="一键生成so文件" showInMainMenu="false" showInEditor="false" showInProject="false" showInSearchPopup="false" disabled="false" useConsole="true" showConsoleOnStdOut="false" showConsoleOnStdErr="false" synchronizeAfterRun="true">
    <exec>
      <option name="COMMAND" value="D:\sdk\ndk\21.0.6113669\ndk-build.cmd" />
      <option name="PARAMETERS" />
      <option name="WORKING_DIRECTORY" value="$ModuleFileDir$/src/main/" />
    </exec>
  </tool>
</toolSet>